0,1,2,3,4,5,6,7,8
440.8622,448.71292,433.2256,447.495,-0.055224895,33388.734,18790200.0,2.0145838,178.66844
441.8613,449.81396,434.2411,448.53052,-0.059995856,32949.355,18427854.0,2.0211942,179.37576
445.23062,453.31635,437.58133,451.87323,-0.06699941,32520.332,18250138.0,2.1839077,179.37718
451.1803,459.48404,443.48007,457.74823,-0.07207118,32667.232,18703432.0,2.4793215,178.552
458.78357,467.37384,451.02225,465.25366,-0.074962236,33299.05,19644244.0,2.832378,177.15619
466.86975,475.77155,459.03772,473.22733,-0.077020414,34073.15,20723978.0,3.1697369,175.55603
474.54147,483.73618,466.63483,480.77753,-0.08037841,34679.06,21641062.0,3.4482894,174.00705
481.35144,490.8046,473.3734,487.46063,-0.08552635,34983.28,22263072.0,3.6588233,172.63322
487.13855,496.80804,479.09952,493.125,-0.09265464,34989.746,22583918.0,3.8080368,171.4454
491.95724,501.81088,483.87524,497.83078,-0.10101044,34758.367,22651322.0,3.9120705,170.42381
495.9571,505.96445,487.85016,501.73447,-0.1103327,34371.61,22540840.0,3.9859715,169.53038
499.29492,509.44138,491.175,504.98788,-0.119217806,33909.66,22325936.0,4.042137,168.74947
502.10217,512.3693,493.97803,507.72144,-0.12802951,33396.656,22035778.0,4.088388,168.05151
504.5121,514.88184,496.37952,510.06738,-0.13633454,32896.375,21735878.0,4.128949,167.41965
506.59497,517.05115,498.45203,512.09595,-0.1442179,32409.418,21430542.0,4.166246,166.8357
508.40582,518.9377,500.2504,513.8593,-0.15137377,31945.543,21130890.0,4.2015986,166.29082
509.99146,520.59033,501.8207,515.4031,-0.15777957,31511.87,20846520.0,4.2354565,165.7763
511.3922,522.0509,503.20126,516.76587,-0.16338398,31117.314,20588642.0,4.2679944,165.28677
512.64087,523.3481,504.42502,517.9825,-0.16863842,30761.6,20360790.0,4.298837,164.81157
513.7718,524.5226,505.52347,519.08527,-0.17293473,30469.068,20184778.0,4.328139,164.35442
514.7964,525.5866,506.51303,520.0871,-0.17660291,30221.193,20044684.0,4.3559403,163.91023
515.7253,526.5521,507.40768,520.9974,-0.17971309,30009.93,19932810.0,4.3824744,163.47813
516.5783,527.439,508.22546,521.83496,-0.18227352,29842.115,19856088.0,4.4077883,163.05814
517.36694,528.25903,508.97812,522.6105,-0.18436262,29714.688,19812406.0,4.4320407,162.64929
518.0945,529.01587,509.67233,523.32764,-0.18615808,29615.594,19790208.0,4.4554067,162.24971
518.77,529.719,510.31683,523.995,-0.1876737,29545.832,19790382.0,4.4779286,161.85909
519.3973,530.373,510.91632,524.61584,-0.18894812,29499.775,19807648.0,4.499753,161.47688
519.9741,530.9767,511.4707,525.1865,-0.190052,29465.463,19830668.0,4.521177,161.1028
520.506,531.5331,511.98456,525.7122,-0.19114208,29440.04,19857680.0,4.542266,160.73492
521.0118,532.059,512.47034,526.2125,-0.19216648,29442.473,19907974.0,4.562679,160.37238
521.4832,532.5513,512.92487,526.6779,-0.19292706,29456.541,19964550.0,4.582977,160.0171
521.9169,533.00134,513.3405,527.1018,-0.19375442,29474.764,20022844.0,4.6028357,159.66736
522.32184,533.4218,513.73004,527.497,-0.19454093,29496.541,20081586.0,4.622531,159.3231
522.69836,533.8127,514.0934,527.86346,-0.19530371,29520.717,20139756.0,4.6420083,158.98401
523.04694,534.17413,514.43085,528.20166,-0.19605765,29546.297,20196570.0,4.661248,158.64961
523.36865,534.50726,514.7433,528.51263,-0.19680884,29572.586,20251566.0,4.6802034,158.31963
523.66516,534.8138,515.03204,528.79816,-0.19755782,29599.115,20304524.0,4.6988916,157.99387
523.9383,535.0956,515.29877,529.05994,-0.19829798,29625.635,20355406.0,4.7173033,157.67226
524.18976,535.3546,515.54504,529.30005,-0.19902377,29651.967,20404270.0,4.73545,157.3547
524.4214,535.59265,515.7724,529.52026,-0.19972804,29678.016,20451186.0,4.75334,157.04128
524.63464,535.8113,515.9822,529.72217,-0.20040804,29703.72,20496296.0,4.770959,156.73193
524.831,536.0122,516.1757,529.9072,-0.20105988,29729.074,20539736.0,4.7882967,156.42683
525.0117,536.1968,516.3544,530.07684,-0.20168191,29754.074,20581674.0,4.805344,156.12595
525.17816,536.36633,516.5191,530.23224,-0.2022747,29778.775,20622258.0,4.8221035,155.82938
525.3314,536.5221,516.67114,530.3747,-0.20283933,29803.19,20661636.0,4.8385534,155.53716
525.4726,536.66516,516.81134,530.50525,-0.20337471,29827.355,20699934.0,4.854703,155.24927
525.6027,536.79675,516.9408,530.6249,-0.2038847,29851.303,20737298.0,4.870543,154.96576
525.72284,536.9177,517.06036,530.7345,-0.20436986,29875.045,20773782.0,4.8860927,154.68668
525.8336,537.02905,517.1708,530.83514,-0.20483182,29898.568,20809476.0,4.90134,154.41191
525.9361,537.13153,517.2728,530.9274,-0.20527337,29921.846,20844406.0,4.91631,154.14153
526.0307,537.22595,517.3673,531.0121,-0.20569561,29944.857,20878610.0,4.930986,153.87546
526.11835,537.313,517.4547,531.08984,-0.20610073,29967.6,20912114.0,4.9454036,153.61366
526.1995,537.39325,517.53577,531.1612,-0.20649096,29989.988,20944888.0,4.959549,153.35616
526.27466,537.4673,517.61084,531.22675,-0.20686683,30012.02,20976984.0,4.9734497,153.10281
526.3444,537.53564,517.68054,531.2869,-0.20723055,30033.645,21008354.0,4.9870954,152.85364
526.4092,537.59875,517.74524,531.3422,-0.2075827,30054.87,21039028.0,5.0005026,152.60855
526.4693,537.6571,517.8053,531.393,-0.20792489,30075.637,21068986.0,5.0136805,152.36752
526.5252,537.71106,517.8612,531.4397,-0.20825827,30095.932,21098240.0,5.0266376,152.1305
526.5772,537.76086,517.9132,531.48254,-0.20858225,30115.742,21126770.0,5.039371,151.89743
526.62555,537.80695,517.96155,531.52185,-0.20889851,30135.04,21154588.0,5.051897,151.66824
526.6706,537.84955,518.0066,531.5579,-0.2092076,30153.844,21181700.0,5.0642104,151.4429
526.7125,537.889,518.0486,531.59106,-0.2095095,30172.123,21208106.0,5.0763283,151.22137
526.7515,537.9255,518.0877,531.6214,-0.2098048,30189.896,21233822.0,5.0882463,151.00357
526.7879,537.95917,518.12415,531.6492,-0.21009402,30207.148,21258852.0,5.0999775,150.78944
526.8219,537.9903,518.1582,531.6746,-0.21037716,30223.912,21283220.0,5.1115136,150.57895
526.8535,538.0191,518.18994,531.6979,-0.21065368,30240.166,21306924.0,5.122871,150.37206
526.88306,538.0457,518.2196,531.7191,-0.21092469,30255.95,21330008.0,5.1340466,150.16869
526.9105,538.07025,518.2472,531.73846,-0.21119072,30271.254,21352458.0,5.145048,149.96877
526.9362,538.09296,518.2731,531.75616,-0.21145013,30286.088,21374310.0,5.155873,149.77232
526.96014,538.11383,518.2972,531.77216,-0.21170457,30300.473,21395572.0,5.1665297,149.57921
526.9825,538.1332,518.31964,531.7867,-0.21195404,30314.424,21416274.0,5.177015,149.38943
527.00336,538.15094,518.3407,531.7998,-0.212198,30327.95,21436416.0,5.18734,149.20296
527.02277,538.1673,518.36035,531.81165,-0.21243644,30341.07,21456026.0,5.1974993,149.0197
527.0409,538.18225,518.3786,531.82227,-0.21267046,30353.787,21475118.0,5.207506,148.83955
527.05774,538.1961,518.3957,531.83185,-0.21289952,30366.123,21493712.0,5.217353,148.6626
527.07355,538.2087,518.41174,531.8404,-0.2131236,30378.08,21511810.0,5.2270484,148.48866
527.0882,538.2203,518.42664,531.84796,-0.21334328,30389.693,21529446.0,5.236586,148.31778
527.10187,538.23083,518.4405,531.85455,-0.21355854,30400.94,21546614.0,5.2459793,148.14981
527.1146,538.2405,518.4534,531.8604,-0.21376882,30411.867,21563356.0,5.2552333,147.9848
527.12646,538.24927,518.4656,531.8654,-0.21397525,30422.469,21579666.0,5.264342,147.82268
527.1375,538.2572,518.4768,531.86975,-0.21417671,30432.766,21595560.0,5.273308,147.66333
527.1478,538.2644,518.48737,531.8735,-0.2143743,30442.754,21611058.0,5.282137,147.50677
527.15735,538.2709,518.4971,531.8765,-0.21456859,30452.453,21626170.0,5.290825,147.35294
527.1662,538.27673,518.5062,531.87897,-0.2147579,30461.857,21640902.0,5.2993813,147.2018
527.17444,538.282,518.5147,531.881,-0.2149439,30471.014,21655274.0,5.3078074,147.05325
527.18207,538.2866,518.5226,531.8823,-0.21512549,30479.91,21669304.0,5.3161,146.90732
527.1892,538.2907,518.5299,531.88336,-0.21530376,30488.557,21682982.0,5.3242717,146.76387
527.19574,538.2943,518.5367,531.8839,-0.21547818,30496.95,21696324.0,5.332308,146.62299
527.2018,538.2974,518.54297,531.88403,-0.21564873,30505.117,21709356.0,5.3402257,146.48451
527.20734,538.30005,518.5488,531.88385,-0.21581596,30513.064,21722080.0,5.348023,146.34845
527.21246,538.30237,518.5542,531.88324,-0.21597989,30520.791,21734494.0,5.355702,146.21477
527.2173,538.3042,518.5592,531.8824,-0.21614051,30528.318,21746620.0,5.363261,146.08339
527.2216,538.3057,518.5638,531.8812,-0.2162978,30535.621,21758460.0,5.370712,145.95428
527.2256,538.30695,518.56805,531.8797,-0.2164518,30542.75,21770026.0,5.378029,145.82742
527.22925,538.3078,518.5719,531.878,-0.21660247,30549.678,21781326.0,5.385251,145.70277
527.23254,538.3084,518.5755,531.87604,-0.2167504,30556.438,21792376.0,5.3923516,145.58029
527.23553,538.3087,518.57874,531.8739,-0.21689501,30563.018,21803158.0,5.399352,145.45988
527.2383,538.3087,518.58167,531.87146,-0.21703686,30569.424,21813704.0,5.4062386,145.34158
527.2407,538.30853,518.5844,531.86896,-0.2171754,30575.678,21824022.0,5.4130225,145.22533
527.243,538.3081,518.58685,531.86615,-0.21731173,30581.764,21834098.0,5.4197016,145.11107
527.24493,538.3075,518.58905,531.86334,-0.21744473,30587.688,21843950.0,5.426278,144.99878
527.24664,538.30664,518.591,531.8603,-0.217575,30593.49,21853598.0,5.432753,144.88844
527.24817,538.3056,518.5928,531.85706,-0.21770304,30599.133,21863022.0,5.43913,144.78001
527.2495,538.30444,518.59436,531.8538,-0.21782778,30604.65,21872242.0,5.4454074,144.67339
527.2506,538.3031,518.59576,531.85034,-0.21795031,30610.035,21881268.0,5.4515886,144.56866
527.2516,538.3016,518.597,531.8468,-0.21807064,30615.281,21890106.0,5.45768,144.46567
527.2524,538.3,518.59796,531.8432,-0.21818875,30620.416,21898752.0,5.463665,144.3645
527.253,538.2982,518.5989,531.8395,-0.21830356,30625.422,21907202.0,5.46957,144.26505
527.2535,538.2963,518.5996,531.8357,-0.2184167,30630.305,21915490.0,5.4753785,144.16728
527.25385,538.2944,518.6002,531.83185,-0.2185271,30635.088,21923596.0,5.481101,144.07117
527.254,538.2923,518.60065,531.82794,-0.21863528,30639.762,21931538.0,5.486739,143.97672
527.25415,538.2901,518.60095,531.824,-0.21874179,30644.316,21939312.0,5.4922805,143.88388
527.25415,538.28784,518.60114,531.81995,-0.21884556,30648.793,21946928.0,5.497746,143.7926
527.25397,538.2855,518.60126,531.81586,-0.21894766,30653.15,21954394.0,5.5031223,143.70293
527.2537,538.2831,518.60126,531.81177,-0.21904758,30657.422,21961696.0,5.5084176,143.61472
527.25336,538.2806,518.60114,531.8076,-0.21914527,30661.602,21968858.0,5.513635,143.52802
527.253,538.2781,518.60095,531.80347,-0.2192413,30665.684,21975880.0,5.518767,143.44283
527.25244,538.27545,518.6007,531.79926,-0.21933512,30669.676,21982750.0,5.5238233,143.35902
527.25183,538.2728,518.60034,531.79504,-0.2194273,30673.59,21989492.0,5.5288,143.27664
527.25116,538.2701,518.59985,531.7908,-0.21951783,30677.406,21996094.0,5.533693,143.19566
527.2504,538.26733,518.59937,531.78656,-0.21960613,30681.162,22002566.0,5.5385237,143.11607
527.24963,538.2645,518.5988,531.7823,-0.21969278,30684.84,22008914.0,5.543274,143.03781
527.2488,538.2618,518.59814,531.778,-0.21977778,30688.434,22015142.0,5.5479574,142.96086
527.24786,538.2589,518.5975,531.77374,-0.21986113,30691.945,22021236.0,5.5525618,142.88522
527.2469,538.25604,518.5967,531.7695,-0.21994281,30695.396,22027222.0,5.557096,142.81084
527.24585,538.2531,518.5959,531.76526,-0.22002284,30698.771,22033088.0,5.561558,142.7377
527.24475,538.2502,518.5951,531.761,-0.22010122,30702.082,22038850.0,5.565956,142.66579
527.24365,538.24725,518.5942,531.7568,-0.22017793,30705.33,22044492.0,5.570281,142.59508
527.2425,538.2443,518.59326,531.7525,-0.220253,30708.504,22050024.0,5.574546,142.52556
527.2413,538.24133,518.5923,531.7482,-0.22032751,30711.623,22055460.0,5.578746,142.45723
527.24005,538.23834,518.5912,531.7441,-0.22039928,30714.674,22060794.0,5.5828757,142.39
527.23883,538.2354,518.5902,531.73987,-0.22047102,30717.684,22066028.0,5.5869474,142.32388
527.23755,538.23236,518.5891,531.73566,-0.22054002,30720.611,22071156.0,5.5909505,142.2589
527.2362,538.22943,518.588,531.73157,-0.22060846,30723.49,22076192.0,5.5948954,142.19498
527.23486,538.22644,518.58685,531.7274,-0.22067524,30726.322,22081142.0,5.5987754,142.13211
527.2335,538.22345,518.58575,531.7233,-0.22074091,30729.096,22085990.0,5.6026025,142.07034
527.2321,538.22046,518.58453,531.7192,-0.2208055,30731.814,22090750.0,5.60637,142.00954
527.2307,538.2175,518.5834,531.71515,-0.22086897,30734.48,22095432.0,5.610078,141.94972
527.2293,538.2145,518.58215,531.7112,-0.22093023,30737.1,22100016.0,5.6137223,141.89093
527.2279,538.21155,518.58093,531.70715,-0.22099149,30739.672,22104532.0,5.617321,141.83308
527.22644,538.2086,518.5797,531.7032,-0.22105056,30742.207,22108954.0,5.6208596,141.77625
527.225,538.2057,518.5784,531.69916,-0.22110961,30744.682,22113304.0,5.624341,141.7203
527.2235,538.20276,518.57715,531.69525,-0.22116646,30747.104,22117568.0,5.6277742,141.66531
527.22205,538.1998,518.57587,531.6914,-0.22122276,30749.5,22121758.0,5.63115,141.6112
527.2205,538.1969,518.5746,531.68756,-0.22127795,30751.83,22125868.0,5.6344776,141.55797
527.21906,538.19403,518.57324,531.6837,-0.22133204,30754.133,22129906.0,5.637751,141.50568
527.2175,538.19116,518.57196,531.67993,-0.22138503,30756.39,22133872.0,5.6409736,141.45418
527.21606,538.18835,518.5707,531.67615,-0.22143747,30758.611,22137768.0,5.6441503,141.40355
527.21454,538.1854,518.56934,531.6724,-0.22148824,30760.781,22141600.0,5.6472745,141.35371
527.2131,538.1826,518.56805,531.6687,-0.22153847,30762.926,22145364.0,5.650351,141.30473
527.21155,538.1798,518.5667,531.6651,-0.2215876,30765.025,22149048.0,5.653382,141.25655
527.2101,538.17706,518.56537,531.66144,-0.22163616,30767.086,22152678.0,5.6563706,141.2091
527.20856,538.17426,518.564,531.65784,-0.22168364,30769.113,22156246.0,5.6593065,141.1625
527.20703,538.1716,518.56274,531.6543,-0.22173,30771.102,22159748.0,5.6621933,141.11662
527.2055,538.1688,518.5614,531.65076,-0.22177525,30773.068,22163192.0,5.665048,141.07149
527.20404,538.16614,518.5601,531.64734,-0.22182052,30774.984,22166566.0,5.6678452,141.0271
527.2026,538.16345,518.5587,531.64386,-0.22186412,30776.885,22169900.0,5.670609,140.98344
527.20105,538.16077,518.5575,531.64044,-0.22190772,30778.738,22173168.0,5.6733303,140.94048
527.1996,538.1582,518.55615,531.6371,-0.22194967,30780.562,22176372.0,5.6760044,140.89822
527.1981,538.1555,518.5548,531.6337,-0.22199106,30782.354,22179528.0,5.6786413,140.85663
527.19666,538.15295,518.5535,531.63043,-0.2220319,30784.12,22182620.0,5.681231,140.81575
527.1952,538.1504,518.5522,531.62714,-0.2220722,30785.838,22185668.0,5.6837926,140.77547
527.1937,538.1478,518.55096,531.62396,-0.22211194,30787.557,22188670.0,5.6863027,140.73589
527.19226,538.1453,518.5497,531.6207,-0.22215001,30789.215,22191604.0,5.6887836,140.69695
527.19086,538.1428,518.54834,531.61755,-0.2221881,30790.875,22194506.0,5.6912203,140.65863
527.1894,538.1404,518.54706,531.61444,-0.22222508,30792.48,22197346.0,5.6936216,140.62091
527.188,538.1379,518.54584,531.6113,-0.22226207,30794.074,22200136.0,5.695981,140.58382
527.1866,538.1355,518.54456,531.6083,-0.22229739,30795.635,22202890.0,5.6983156,140.54732
527.1852,538.1331,518.54333,531.6053,-0.22233272,30797.168,22205582.0,5.7006097,140.51141
527.1838,538.13074,518.54205,531.6023,-0.22236748,30798.686,22208242.0,5.702862,140.47609
527.1824,538.1284,518.54083,531.59937,-0.22240116,30800.162,22210844.0,5.7050858,140.44133
527.181,538.12604,518.5396,531.59644,-0.22243482,30801.627,22213416.0,5.707271,140.4071
527.1796,538.1238,518.5384,531.59357,-0.22246738,30803.066,22215942.0,5.7094297,140.37347
527.1783,538.1215,518.5372,531.5907,-0.22249995,30804.469,22218420.0,5.7115483,140.34035
527.17694,538.11926,518.53595,531.5879,-0.22253141,30805.863,22220860.0,5.713639,140.30777
527.1756,538.117,518.5347,531.5851,-0.22256231,30807.217,22223254.0,5.71569,140.27568
527.1743,538.1148,518.5336,531.58234,-0.22259267,30808.568,22225618.0,5.717721,140.24413
527.173,538.1127,518.5324,531.5797,-0.22262304,30809.895,22227938.0,5.719716,140.21309
527.1717,538.11053,518.53125,531.577,-0.22265229,30811.195,22230222.0,5.721673,140.18254
527.1704,538.1084,518.5301,531.5744,-0.22268099,30812.477,22232460.0,5.7236085,140.15245
527.1691,538.1063,518.529,531.5718,-0.22270913,30813.732,22234664.0,5.725514,140.12286
527.16785,538.1042,518.5278,531.56915,-0.22273728,30814.955,22236828.0,5.7273865,140.09377
527.16656,538.1022,518.5267,531.5666,-0.22276488,30816.176,22238962.0,5.729234,140.06511
527.16534,538.10016,518.5256,531.56415,-0.22279137,30817.371,22241066.0,5.73105,140.0369
527.1642,538.09814,518.5245,531.56165,-0.22281787,30818.553,22243126.0,5.732838,140.00917
527.16296,538.0961,518.5234,531.5592,-0.22284381,30819.703,22245160.0,5.7346034,139.98187
527.16174,538.0942,518.52234,531.5568,-0.22286975,30820.838,22247150.0,5.7363315,139.95502
527.1606,538.0923,518.52124,531.55444,-0.22289458,30821.969,22249106.0,5.73804,139.92856
527.15936,538.09033,518.5202,531.55206,-0.22291942,30823.064,22251042.0,5.739726,139.90254
527.1582,538.0885,518.51917,531.54974,-0.22294316,30824.145,22252932.0,5.741375,139.87694
527.15704,538.0866,518.51807,531.5475,-0.22296745,30825.219,22254812.0,5.7430086,139.85173
527.15594,538.0848,518.517,531.54517,-0.22299062,30826.264,22256646.0,5.744615,139.82693
527.1548,538.083,518.51605,531.54297,-0.2230138,30827.299,22258454.0,5.7461925,139.80252
527.1537,538.0812,518.5151,531.5408,-0.22303589,30828.312,22260232.0,5.7477517,139.77852
527.1525,538.0794,518.51404,531.53864,-0.2230585,30829.314,22261984.0,5.749286,139.75485
527.1515,538.07764,518.51306,531.53644,-0.22308004,30830.291,22263704.0,5.750791,139.73157
527.1504,538.076,518.5121,531.5343,-0.22310156,30831.266,22265394.0,5.75228,139.7087
527.14935,538.0742,518.5111,531.5322,-0.22312254,30832.205,22267054.0,5.7537446,139.68613
527.1483,538.0726,518.5102,531.5302,-0.2231435,30833.152,22268698.0,5.7551847,139.66396
527.1472,538.07086,518.5093,531.5282,-0.22316393,30834.072,22270304.0,5.756605,139.6421
527.1462,538.0693,518.50836,531.5261,-0.2231838,30834.979,22271888.0,5.7579994,139.62064
527.14514,538.0676,518.5074,531.5242,-0.22320367,30835.865,22273448.0,5.759374,139.59946
527.1441,538.06604,518.5065,531.5222,-0.22322243,30836.74,22274978.0,5.7607293,139.57866
527.1431,538.06445,518.50555,531.52026,-0.22324176,30837.61,22276494.0,5.762064,139.55818
527.14215,538.0629,518.5047,531.51843,-0.22325997,30838.459,22277978.0,5.7633805,139.53802
527.14124,538.06134,518.50385,531.51654,-0.22327873,30839.299,22279440.0,5.7646694,139.51816
527.14026,538.0598,518.5029,531.5147,-0.22329696,30840.121,22280878.0,5.76594,139.49861
527.1393,538.0583,518.5021,531.5128,-0.22331406,30840.92,22282282.0,5.767197,139.47939
527.13837,538.0568,518.5013,531.5111,-0.22333172,30841.719,22283680.0,5.768426,139.46046
527.13745,538.0554,518.5004,531.5093,-0.22334883,30842.512,22285054.0,5.7696443,139.44182
527.13654,538.05396,518.4996,531.50757,-0.22336595,30843.283,22286404.0,5.7708397,139.42352
527.1356,538.05255,518.4988,531.5058,-0.2233825,30844.041,22287718.0,5.772014,139.40547
527.1347,538.05115,518.4979,531.50415,-0.22339906,30844.785,22289030.0,5.77318,139.38768
527.13385,538.04974,518.4972,531.50244,-0.22341506,30845.527,22290312.0,5.774321,139.37024
527.13293,538.0484,518.49634,531.5008,-0.22343051,30846.242,22291568.0,5.7754426,139.353
527.1321,538.04706,518.4956,531.4992,-0.22344597,30846.973,22292820.0,5.7765536,139.33604
527.1313,538.0457,518.4948,531.4976,-0.22346142,30847.648,22294032.0,5.777642,139.31938
527.13043,538.04443,518.4941,531.496,-0.22347634,30848.352,22295242.0,5.7787175,139.30296
527.1296,538.04315,518.49335,531.49445,-0.22349069,30849.041,22296432.0,5.7797728,139.2868
527.1288,538.0419,518.4926,531.49286,-0.22350559,30849.709,22297592.0,5.780815,139.2709
527.128,538.04065,518.4919,531.4914,-0.22351938,30850.36,22298744.0,5.78184,139.25525
527.1272,538.0394,518.49115,531.48987,-0.22353373,30851.01,22299870.0,5.7828546,139.23984
527.1264,538.03815,518.4904,531.4884,-0.22354753,30851.648,22300978.0,5.783846,139.22467
527.1256,538.037,518.48975,531.487,-0.22356133,30852.275,22302072.0,5.7848306,139.20973
527.1249,538.03577,518.4891,531.48553,-0.22357458,30852.889,22303142.0,5.7857885,139.195
527.1241,538.0346,518.48834,531.48413,-0.22358727,30853.502,22304208.0,5.786736,139.18056
527.12335,538.03345,518.48773,531.4827,-0.22360052,30854.096,22305242.0,5.787675,139.16629
527.1226,538.0323,518.487,531.4813,-0.22361265,30854.69,22306272.0,5.7885942,139.15228
527.1219,538.0312,518.4863,531.48,-0.22362535,30855.271,22307276.0,5.7895017,139.13849
527.12115,538.0301,518.4857,531.47864,-0.22363749,30855.846,22308272.0,5.790391,139.12486
527.1205,538.029,518.48505,531.47736,-0.22364964,30856.396,22309246.0,5.7912683,139.11148
527.11975,538.0279,518.48444,531.4761,-0.22366123,30856.953,22310208.0,5.7921367,139.09831
527.1191,538.02686,518.4838,531.4748,-0.22367337,30857.502,22311158.0,5.7929945,139.08534
527.1184,538.0258,518.4832,531.4735,-0.22368442,30858.031,22312090.0,5.7938313,139.07259
527.11774,538.0248,518.4826,531.4723,-0.223696,30858.564,22313010.0,5.7946544,139.06001
527.11707,538.02374,518.482,531.47107,-0.22370704,30859.084,22313912.0,5.7954683,139.04767
527.11646,538.02277,518.4814,531.46985,-0.22371808,30859.598,22314796.0,5.79627,139.03548
527.1158,538.0218,518.48083,531.4687,-0.22372857,30860.104,22315676.0,5.797061,139.02348
527.1151,538.0208,518.4803,531.4675,-0.22373906,30860.602,22316536.0,5.797833,139.01169
527.1145,538.01984,518.47974,531.4664,-0.22375008,30861.074,22317382.0,5.798603,139.00005
527.1139,538.0189,518.4791,531.4652,-0.22376002,30861.559,22318210.0,5.7993555,138.98863
527.1133,538.018,518.4786,531.4641,-0.22376996,30862.033,22319038.0,5.8000917,138.97736
527.1127,538.017,518.478,531.463,-0.2237799,30862.496,22319842.0,5.800825,138.96625
527.11206,538.0162,518.4775,531.4619,-0.22378983,30862.959,22320634.0,5.801544,138.95537
527.1115,538.01526,518.477,531.4608,-0.22379921,30863.416,22321426.0,5.802251,138.94461
527.1109,538.0144,518.47644,531.4598,-0.2238086,30863.857,22322192.0,5.802949,138.93404
527.11035,538.0135,518.47595,531.45874,-0.22381797,30864.29,22322950.0,5.803638,138.92361
527.1098,538.01263,518.4754,531.45776,-0.22382681,30864.723,22323698.0,5.804313,138.91336
527.10925,538.0118,518.4749,531.4567,-0.2238362,30865.145,22324432.0,5.8049774,138.90327
527.1087,538.0109,518.4744,531.4557,-0.22384447,30865.57,22325154.0,5.805637,138.89336
527.10815,538.01013,518.47394,531.4547,-0.2238533,30865.975,22325870.0,5.8062787,138.88358
527.10767,538.00934,518.47345,531.45374,-0.22386213,30866.377,22326568.0,5.8069115,138.87395
527.1071,538.00854,518.473,531.4528,-0.22387041,30866.771,22327256.0,5.807539,138.86447
527.1066,538.00775,518.47253,531.45184,-0.2238787,30867.164,22327930.0,5.808154,138.85512
527.1061,538.00696,518.47205,531.4509,-0.22388697,30867.541,22328600.0,5.808759,138.84596
527.1056,538.0062,518.4716,531.45,-0.2238947,30867.936,22329250.0,5.8093567,138.83693
527.1051,538.00543,518.4711,531.44916,-0.22390242,30868.309,22329912.0,5.8099456,138.82803
527.1046,538.00476,518.47076,531.44824,-0.2239107,30868.666,22330544.0,5.8105206,138.81923
527.1041,538.00397,518.4703,531.4473,-0.22391789,30869.027,22331164.0,5.811094,138.81061
527.10364,538.00323,518.46985,531.44653,-0.2239256,30869.383,22331780.0,5.811658,138.80214
527.1032,538.00256,518.4694,531.4457,-0.22393334,30869.73,22332392.0,5.81221,138.79376
527.1027,538.00183,518.469,531.4448,-0.22393996,30870.072,22332990.0,5.8127584,138.78552
527.10223,538.0012,518.4686,531.44403,-0.22394714,30870.42,22333576.0,5.813291,138.77739
527.1018,538.0005,518.4682,531.4432,-0.2239543,30870.762,22334168.0,5.813817,138.76941
527.1014,537.9998,518.4678,531.4424,-0.22396149,30871.078,22334720.0,5.814339,138.76155
527.10095,537.99915,518.4674,531.4416,-0.2239681,30871.41,22335294.0,5.814852,138.7538
527.1005,537.99854,518.46704,531.44086,-0.22397473,30871.719,22335840.0,5.815357,138.7462
527.1001,537.99786,518.4666,531.44006,-0.22398135,30872.035,22336386.0,5.8158545,138.7387
527.0997,537.99725,518.46625,531.43933,-0.22398798,30872.35,22336918.0,5.8163433,138.7313
527.09924,537.99664,518.4659,531.43854,-0.22399405,30872.66,22337456.0,5.816823,138.72404
527.0989,537.99603,518.4655,531.4378,-0.22400068,30872.967,22337974.0,5.817298,138.71689
527.09845,537.9954,518.4651,531.43713,-0.22400674,30873.248,22338476.0,5.8177657,138.70981
527.0981,537.9948,518.4648,531.4364,-0.2240128,30873.545,22338984.0,5.8182244,138.70288
527.09766,537.99426,518.4644,531.4357,-0.22401834,30873.832,22339480.0,5.818678,138.69604
527.0973,537.99365,518.46405,531.435,-0.2240244,30874.113,22339968.0,5.8191247,138.6893
527.0969,537.9931,518.46375,531.4344,-0.22403048,30874.398,22340456.0,5.819566,138.6827
527.09656,537.99255,518.4634,531.43365,-0.22403654,30874.67,22340932.0,5.819995,138.67615
527.0962,537.99194,518.4631,531.43304,-0.22404207,30874.926,22341388.0,5.8204203,138.66974
527.0958,537.99146,518.46277,531.4324,-0.22404703,30875.203,22341850.0,5.8208437,138.6634
527.09546,537.9909,518.46246,531.4317,-0.2240531,30875.469,22342304.0,5.821255,138.6572
527.09515,537.99036,518.4621,531.43115,-0.22405808,30875.725,22342748.0,5.8216577,138.65106
527.0948,537.98987,518.4618,531.4305,-0.22406359,30875.977,22343178.0,5.8220673,138.64502
527.0944,537.9893,518.4615,531.4299,-0.22406855,30876.225,22343608.0,5.822454,138.63905
527.09406,537.9888,518.4612,531.42926,-0.22407353,30876.459,22344034.0,5.8228426,138.63321
527.0938,537.98834,518.4609,531.42865,-0.22407904,30876.715,22344460.0,5.823228,138.62743
527.09344,537.9878,518.46063,531.4281,-0.22408402,30876.951,22344872.0,5.823602,138.62177
527.09314,537.9874,518.4603,531.42755,-0.22408843,30877.195,22345276.0,5.823973,138.61618
527.0928,537.9869,518.46,531.42694,-0.22409339,30877.418,22345672.0,5.824339,138.61069
527.09247,537.98645,518.4598,531.4264,-0.22409837,30877.646,22346060.0,5.8246975,138.6053
527.0922,537.98596,518.4595,531.42584,-0.22410278,30877.875,22346452.0,5.825056,138.59993
527.09186,537.9855,518.45917,531.4253,-0.22410719,30878.076,22346822.0,5.8254023,138.5947
527.0916,537.98505,518.4589,531.42474,-0.22411162,30878.293,22347200.0,5.82574,138.58951
527.0913,537.9846,518.4586,531.42426,-0.22411603,30878.512,22347564.0,5.8260794,138.58443
527.091,537.9842,518.4584,531.4237,-0.22412044,30878.73,22347930.0,5.826417,138.5794
527.0907,537.9837,518.4581,531.4232,-0.22412486,30878.936,22348290.0,5.8267436,138.57446
527.0904,537.9833,518.4579,531.4227,-0.22412927,30879.133,22348636.0,5.8270707,138.56961
527.09015,537.98285,518.45764,531.42224,-0.22413369,30879.336,22348988.0,5.8273835,138.56482
527.0899,537.9825,518.4574,531.42175,-0.22413754,30879.54,22349332.0,5.827698,138.56012
527.0896,537.98206,518.45715,531.42126,-0.22414142,30879.73,22349664.0,5.8280063,138.55548
527.08936,537.9817,518.45685,531.4208,-0.22414528,30879.916,22349988.0,5.8283086,138.55092
527.0891,537.9813,518.4566,531.4203,-0.22414914,30880.096,22350314.0,5.8286037,138.54642
527.0888,537.9809,518.4564,531.41986,-0.22415301,30880.293,22350634.0,5.828901,138.54199
527.08856,537.9805,518.4562,531.4194,-0.22415687,30880.479,22350952.0,5.829191,138.53764
527.0884,537.98016,518.45593,531.419,-0.22416073,30880.652,22351264.0,5.829474,138.53334
527.0881,537.9798,518.45575,531.4185,-0.22416404,30880.836,22351572.0,5.8297553,138.52913
527.0878,537.97943,518.4555,531.4181,-0.22416736,30881.014,22351882.0,5.8300347,138.52495
527.0876,537.97906,518.4553,531.41766,-0.22417122,30881.188,22352174.0,5.830311,138.52086
527.0874,537.97876,518.4551,531.4173,-0.22417508,30881.354,22352460.0,5.8305783,138.51682
527.08716,537.97833,518.45483,531.4169,-0.22417839,30881.514,22352756.0,5.830838,138.51285
527.0869,537.978,518.45465,531.41644,-0.22418171,30881.68,22353034.0,5.8310986,138.50891
527.08673,537.9777,518.45447,531.416,-0.22418502,30881.854,22353316.0,5.831353,138.50507
527.0864,537.97736,518.4543,531.4156,-0.22418833,30881.996,22353580.0,5.8316064,138.50128
527.08624,537.97705,518.4541,531.4152,-0.22419164,30882.166,22353858.0,5.8318563,138.49756
527.086,537.97675,518.45386,531.41486,-0.22419441,30882.307,22354122.0,5.8321004,138.49387
527.0858,537.9764,518.4537,531.4145,-0.22419772,30882.465,22354388.0,5.83234,138.49023
527.0856,537.9761,518.4535,531.4141,-0.22420102,30882.61,22354640.0,5.8325787,138.4867
527.0854,537.97577,518.4533,531.41376,-0.22420378,30882.762,22354890.0,5.832813,138.48318
527.0852,537.97546,518.4531,531.4134,-0.22420709,30882.906,22355138.0,5.833041,138.4797
527.08496,537.97516,518.45294,531.413,-0.22420986,30883.041,22355378.0,5.8332677,138.47632
527.0848,537.97485,518.45276,531.41266,-0.22421262,30883.176,22355624.0,5.8334913,138.47296
527.0846,537.9746,518.4526,531.41235,-0.22421592,30883.322,22355868.0,5.8337092,138.46967
527.0844,537.97424,518.4524,531.412,-0.22421868,30883.46,22356100.0,5.8339252,138.46642
527.08417,537.974,518.4522,531.4117,-0.22422089,30883.588,22356328.0,5.8341417,138.4632
527.08405,537.97375,518.452,531.4114,-0.22422421,30883.717,22356556.0,5.834351,138.46005
527.08386,537.97345,518.4519,531.411,-0.22422642,30883.85,22356780.0,5.8345566,138.45697
527.0837,537.9732,518.4517,531.41064,-0.22422917,30883.975,22357006.0,5.834764,138.4539
527.0835,537.9729,518.45154,531.4104,-0.22423193,30884.105,22357218.0,5.834961,138.45088
527.0834,537.97266,518.4514,531.41003,-0.22423469,30884.232,22357436.0,5.835156,138.44794
527.0832,537.9724,518.4513,531.4097,-0.2242369,30884.355,22357644.0,5.835351,138.44504
527.083,537.97217,518.4511,531.4095,-0.22423911,30884.47,22357848.0,5.8355412,138.44214
527.0828,537.9719,518.451,531.4091,-0.22424187,30884.592,22358056.0,5.835731,138.43935
527.08264,537.9716,518.4508,531.4089,-0.22424407,30884.703,22358254.0,5.8359156,138.43654
527.0825,537.97144,518.4506,531.40857,-0.22424628,30884.828,22358458.0,5.8361,138.4338
527.08234,537.9712,518.4505,531.4083,-0.22424905,30884.938,22358654.0,5.8362794,138.43109
527.08215,537.9709,518.4503,531.40796,-0.22425126,30885.043,22358838.0,5.8364553,138.42844
527.082,537.9707,518.45026,531.4078,-0.22425346,30885.156,22359030.0,5.836631,138.42584
527.08185,537.97046,518.4501,531.4075,-0.22425567,30885.271,22359222.0,5.8368034,138.42326
527.0817,537.9703,518.44995,531.4072,-0.22425787,30885.375,22359400.0,5.8369737,138.4207
527.0816,537.97003,518.44977,531.4069,-0.22426008,30885.482,22359584.0,5.837139,138.41818
527.0814,537.96985,518.4497,531.4067,-0.22426228,30885.578,22359760.0,5.837306,138.41574
527.08124,537.9696,518.4495,531.40643,-0.22426395,30885.674,22359930.0,5.8374643,138.41333
527.0811,537.96936,518.4494,531.4062,-0.22426616,30885.78,22360100.0,5.8376226,138.41092
527.081,537.9692,518.4493,531.40594,-0.22426836,30885.885,22360282.0,5.837781,138.40858
527.0808,537.969,518.44916,531.4057,-0.22427002,30885.975,22360440.0,5.8379335,138.40627
527.08075,537.96875,518.44904,531.4055,-0.22427222,30886.07,22360608.0,5.8380866,138.40399
527.08057,537.96857,518.4489,531.4052,-0.22427388,30886.172,22360772.0,5.8382325,138.40175
527.08044,537.9684,518.4488,531.40497,-0.22427608,30886.256,22360928.0,5.8383837,138.39957
527.0803,537.9682,518.44867,531.4047,-0.22427775,30886.361,22361096.0,5.8385262,138.39737
527.0802,537.968,518.4486,531.40454,-0.2242794,30886.447,22361244.0,5.838672,138.39525
527.0801,537.96783,518.4485,531.40436,-0.22428161,30886.527,22361392.0,5.838811,138.39313
527.07996,537.9676,518.4483,531.4041,-0.22428326,30886.62,22361542.0,5.8389444,138.39104
527.07983,537.96747,518.44824,531.4039,-0.22428492,30886.703,22361688.0,5.839085,138.38899
527.0797,537.9673,518.4481,531.4037,-0.22428657,30886.78,22361834.0,5.8392186,138.387
527.0796,537.9671,518.448,531.40344,-0.22428878,30886.861,22361970.0,5.8393474,138.38501
527.07947,537.9669,518.4479,531.4032,-0.22428988,30886.94,22362110.0,5.839481,138.38304
527.07935,537.96674,518.4478,531.403,-0.22429155,30887.025,22362252.0,5.8396072,138.38113
527.0792,537.96655,518.4477,531.40283,-0.22429375,30887.102,22362390.0,5.839734,138.37924
527.07916,537.96643,518.44763,531.40265,-0.22429486,30887.186,22362522.0,5.839859,138.3774
527.079,537.96625,518.4475,531.40247,-0.22429651,30887.252,22362652.0,5.83998,138.37555
527.0789,537.9661,518.44745,531.4023,-0.22429816,30887.332,22362786.0,5.840105,138.37373
527.0788,537.9659,518.44727,531.4021,-0.22429982,30887.396,22362906.0,5.840223,138.37195
527.07874,537.96576,518.4472,531.4019,-0.22430092,30887.484,22363038.0,5.8403387,138.37021
527.07855,537.9656,518.4471,531.4017,-0.22430257,30887.553,22363156.0,5.840453,138.36848
527.0785,537.96545,518.447,531.4015,-0.22430368,30887.629,22363290.0,5.840567,138.36679
527.07837,537.96533,518.44696,531.40137,-0.22430535,30887.7,22363412.0,5.8406763,138.36511
527.0783,537.96515,518.44684,531.4012,-0.224307,30887.771,22363530.0,5.840785,138.36348
527.0782,537.965,518.4467,531.401,-0.2243081,30887.824,22363636.0,5.840889,138.36183
527.0781,537.9649,518.44666,531.4008,-0.22430976,30887.895,22363758.0,5.8410015,138.36024
527.078,537.9647,518.4466,531.4007,-0.22431086,30887.973,22363874.0,5.8411055,138.35864
527.07794,537.9646,518.44653,531.4005,-0.22431251,30888.031,22363984.0,5.841209,138.35713
527.0778,537.9645,518.4464,531.4004,-0.22431362,30888.09,22364092.0,5.841311,138.35558
527.07776,537.96436,518.4464,531.4002,-0.22431472,30888.16,22364206.0,5.841409,138.3541
527.07764,537.9642,518.4462,531.4,-0.22431582,30888.227,22364310.0,5.8415093,138.35263
527.0776,537.9641,518.4462,531.3999,-0.22431748,30888.281,22364412.0,5.84161,138.35115
527.07745,537.9639,518.4461,531.3997,-0.2243186,30888.344,22364522.0,5.841705,138.34972
527.0774,537.9638,518.44604,531.3996,-0.2243197,30888.402,22364630.0,5.8417997,138.3483
527.07733,537.9637,518.446,531.3994,-0.2243208,30888.463,22364722.0,5.8418894,138.34691
527.0772,537.96356,518.44586,531.3993,-0.2243219,30888.518,22364818.0,5.8419895,138.34557
527.07715,537.9635,518.4458,531.3992,-0.22432356,30888.58,22364920.0,5.842072,138.3442
527.0771,537.9633,518.44574,531.39905,-0.22432466,30888.633,22365018.0,5.8421617,138.3429
527.07697,537.9632,518.4457,531.39886,-0.22432576,30888.684,22365104.0,5.842248,138.34155
527.0769,537.96313,518.4456,531.39874,-0.22432686,30888.744,22365202.0,5.8423343,138.34027
527.07684,537.96295,518.4455,531.3986,-0.22432797,30888.79,22365296.0,5.8424187,138.33897
527.0768,537.9629,518.44543,531.39844,-0.22432907,30888.842,22365386.0,5.8425064,138.33772
527.0767,537.96277,518.4454,531.3984,-0.22433017,30888.904,22365474.0,5.8425856,138.33653
527.0766,537.96265,518.4453,531.39825,-0.22433127,30888.953,22365564.0,5.842668,138.33528
527.07654,537.9626,518.44525,531.3981,-0.22433184,30888.994,22365644.0,5.842744,138.3341
527.0765,537.9624,518.4452,531.39795,-0.22433294,30889.047,22365730.0,5.842823,138.33293
527.07635,537.96234,518.4451,531.3979,-0.22433405,30889.09,22365806.0,5.8429017,138.33177
527.07635,537.9622,518.44507,531.3977,-0.22433515,30889.14,22365894.0,5.8429775,138.33064
527.07623,537.96216,518.445,531.3976,-0.2243357,30889.191,22365978.0,5.8430495,138.32953
527.0762,537.96204,518.44495,531.39746,-0.2243368,30889.229,22366052.0,5.843127,138.32841
527.0762,537.962,518.4449,531.39734,-0.2243379,30889.28,22366136.0,5.8431954,138.32732
527.07605,537.96185,518.4448,531.3973,-0.22433846,30889.322,22366208.0,5.8432693,138.32625
527.076,537.96173,518.44476,531.39716,-0.22433956,30889.361,22366282.0,5.843338,138.32521
527.076,537.9617,518.4447,531.39703,-0.22434066,30889.406,22366358.0,5.84341,138.32416
527.07587,537.96155,518.44464,531.397,-0.22434121,30889.455,22366428.0,5.843477,138.32314
527.0758,537.9615,518.4446,531.3968,-0.22434232,30889.488,22366508.0,5.84354,138.32214
527.07574,537.96136,518.4445,531.3967,-0.22434287,30889.527,22366570.0,5.8436103,138.32118
527.0757,537.9613,518.44446,531.3966,-0.22434397,30889.572,22366644.0,5.843672,138.3202
